{
  "🇻🇳 Nam Miền Bắc": {
    "voice_id": "TxGEqnHWrfWFTfGW9XjX",
    "settings": {
      "speed": 0.85,
      "stability": 0.90,
      "similarity_boost": 0.90,
      "style_exaggeration": 0,
      "use_speaker_boost": true
    }
  },
  "🇻🇳 Nữ Miền Bắc": {
    "voice_id": "TX3LPaxmHKxFdv7VOQHJ",
    "settings": {
      "speed": 0.80,
      "stability": 0.95,
      "similarity_boost": 0.95,
      "style_exaggeration": 0,
      "use_speaker_boost": true
    }
  },
  "🇻🇳 Nam Miền Nam": {
    "voice_id": "ErXwobaYiN019PkySvjV",
    "settings": {
      "speed": 0.85,
      "stability": 0.90,
      "similarity_boost": 0.90,
      "style_exaggeration": 0,
      "use_speaker_boost": true
    }
  },
  "🇻🇳 Nữ Miền Nam": {
    "voice_id": "iP95p4xoKVk53GoZ742B",
    "settings": {
      "speed": 0.80,
      "stability": 0.85,
      "similarity_boost": 0.90,
      "style_exaggeration": 0,
      "use_speaker_boost": true
    }
  },
  "🇻🇳 Nam Miền Trung": {
    "voice_id": "VR6AewLTigWG4xSOukaG",
    "settings": {
      "speed": 0.85,
      "stability": 0.85,
      "similarity_boost": 0.90,
      "style_exaggeration": 0,
      "use_speaker_boost": true
    }
  },
  "🇻🇳 Nữ Miền Trung": {
    "voice_id": "pNInz6obpgDQGcFmaJgB",
    "settings": {
      "speed": 0.80,
      "stability": 0.90,
      "similarity_boost": 0.90,
      "style_exaggeration": 0,
      "use_speaker_boost": true
    }
  },
  "🇻🇳 Giọng Trẻ Nam": {
    "voice_id": "nPczCjzI2devNBz1zQrb",
    "settings": {
      "speed": 0.90,
      "stability": 0.80,
      "similarity_boost": 0.85,
      "style_exaggeration": 0,
      "use_speaker_boost": true
    }
  },
  "🇻🇳 Giọng Trẻ Nữ": {
    "voice_id": "CwhRBWXzGAHq8TQ4Fs17",
    "settings": {
      "speed": 0.85,
      "stability": 0.85,
      "similarity_boost": 0.90,
      "style_exaggeration": 0,
      "use_speaker_boost": true
    }
  },
  "🇻🇳 Giọng Già Nam": {
    "voice_id": "5Q0t7uMcjvnagumLfvZi",
    "settings": {
      "speed": 0.75,
      "stability": 0.95,
      "similarity_boost": 0.95,
      "style_exaggeration": 0,
      "use_speaker_boost": true
    }
  },
  "🇻🇳 Giọng Già Nữ": {
    "voice_id": "29vD33N1CtxCmqQRPOHJ",
    "settings": {
      "speed": 0.75,
      "stability": 0.95,
      "similarity_boost": 0.95,
      "style_exaggeration": 0,
      "use_speaker_boost": true
    }
  },
  "🇻🇳 Giọng Dịu Dàng": {
    "voice_id": "flq6f7yk4E4fJM5XTYuZ",
    "settings": {
      "speed": 0.80,
      "stability": 0.95,
      "similarity_boost": 0.90,
      "style_exaggeration": 0,
      "use_speaker_boost": true
    }
  },
  "🇻🇳 Giọng Mạnh Mẽ": {
    "voice_id": "t0jbNlBVZ17f02VDIeMI",
    "settings": {
      "speed": 0.85,
      "stability": 0.85,
      "similarity_boost": 0.90,
      "style_exaggeration": 0,
      "use_speaker_boost": true
    }
  },
  "🇻🇳 Giọng Truyền Hình": {
    "voice_id": "pqHfZKP75CvOlQylNhV4",
    "settings": {
      "speed": 0.85,
      "stability": 0.90,
      "similarity_boost": 0.95,
      "style_exaggeration": 0,
      "use_speaker_boost": true
    }
  },
  "🇻🇳 Giọng Phát Thanh": {
    "voice_id": "LcfcDJNUP1GQjkzn1xUU",
    "settings": {
      "speed": 0.85,
      "stability": 0.90,
      "similarity_boost": 0.95,
      "style_exaggeration": 0,
      "use_speaker_boost": true
    }
  },
  "🇻🇳 Giọng Nhẹ Nhàng": {
    "voice_id": "z9fAnlkpzviPz146aGWa",
    "settings": {
      "speed": 0.80,
      "stability": 0.95,
      "similarity_boost": 0.90,
      "style_exaggeration": 0,
      "use_speaker_boost": true
    }
  },
  "🇻🇳 Giọng Tự Nhiên": {
    "voice_id": "pMsXgVXv3BLzUgSXRplE",
    "settings": {
      "speed": 0.85,
      "stability": 0.85,
      "similarity_boost": 0.90,
      "style_exaggeration": 0,
      "use_speaker_boost": true
    }
  },
  "🇻🇳 Giọng Ấm Áp": {
    "voice_id": "XrExE9yKIg1WjnnlVkGX",
    "settings": {
      "speed": 0.80,
      "stability": 0.90,
      "similarity_boost": 0.95,
      "style_exaggeration": 0,
      "use_speaker_boost": true
    }
  },
  "🇻🇳 Giọng Sôi Động": {
    "voice_id": "SAz9YHcvj6GT2YYXdXww",
    "settings": {
      "speed": 0.90,
      "stability": 0.80,
      "similarity_boost": 0.85,
      "style_exaggeration": 0,
      "use_speaker_boost": true
    }
  },
  "🇻🇳 Giọng Chuyên Nghiệp": {
    "voice_id": "N2lVS1w4EtoT3dr4eOWO",
    "settings": {
      "speed": 0.85,
      "stability": 0.90,
      "similarity_boost": 0.95,
      "style_exaggeration": 0,
      "use_speaker_boost": true
    }
  },
  "🇻🇳 Giọng Thân Thiện": {
    "voice_id": "2EiwWnXFnvU5JabPnv8n",
    "settings": {
      "speed": 0.85,
      "stability": 0.85,
      "similarity_boost": 0.90,
      "style_exaggeration": 0,
      "use_speaker_boost": true
    }
  }
}
